{
    "A0": {
        "D0": {
            "win_rate": 83.0,
            "avg_reward_atk": 48.042400000000015,
            "avg_length": 48.88
        },
        "D1": {
            "win_rate": 76.0,
            "avg_reward_atk": 36.07460000000001,
            "avg_length": 47.27
        },
        "D2": {
            "win_rate": 75.0,
            "avg_reward_atk": 50.57400000000003,
            "avg_length": 41.05
        },
        "D3": {
            "win_rate": 63.0,
            "avg_reward_atk": 39.246,
            "avg_length": 43.7
        },
        "D4": {
            "win_rate": 64.0,
            "avg_reward_atk": 32.92120000000002,
            "avg_length": 47.69
        },
        "D5": {
            "win_rate": 68.0,
            "avg_reward_atk": 34.130600000000015,
            "avg_length": 42.97
        },
        "D6": {
            "win_rate": 77.0,
            "avg_reward_atk": 43.10420000000001,
            "avg_length": 40.79
        },
        "D7": {
            "win_rate": 82.0,
            "avg_reward_atk": 48.608200000000025,
            "avg_length": 43.09
        }
    },
    "A1": {
        "D0": {
            "win_rate": 100.0,
            "avg_reward_atk": 72.17000000000003,
            "avg_length": 41.0
        },
        "D1": {
            "win_rate": 90.0,
            "avg_reward_atk": 41.37200000000001,
            "avg_length": 41.9
        },
        "D2": {
            "win_rate": 90.0,
            "avg_reward_atk": 59.72700000000002,
            "avg_length": 38.15
        },
        "D3": {
            "win_rate": 79.0,
            "avg_reward_atk": 60.113600000000034,
            "avg_length": 41.82
        },
        "D4": {
            "win_rate": 74.0,
            "avg_reward_atk": 37.546800000000005,
            "avg_length": 43.66
        },
        "D5": {
            "win_rate": 76.0,
            "avg_reward_atk": 42.79240000000001,
            "avg_length": 42.38
        },
        "D6": {
            "win_rate": 72.0,
            "avg_reward_atk": 40.65400000000001,
            "avg_length": 42.05
        },
        "D7": {
            "win_rate": 89.0,
            "avg_reward_atk": 47.96180000000002,
            "avg_length": 41.41
        }
    },
    "A2": {
        "D0": {
            "win_rate": 74.0,
            "avg_reward_atk": 36.69200000000002,
            "avg_length": 40.4
        },
        "D1": {
            "win_rate": 100.0,
            "avg_reward_atk": 49.52000000000002,
            "avg_length": 37.0
        },
        "D2": {
            "win_rate": 69.0,
            "avg_reward_atk": 35.444200000000016,
            "avg_length": 40.29
        },
        "D3": {
            "win_rate": 51.0,
            "avg_reward_atk": 37.11840000000001,
            "avg_length": 44.58
        },
        "D4": {
            "win_rate": 65.0,
            "avg_reward_atk": 35.68700000000002,
            "avg_length": 42.15
        },
        "D5": {
            "win_rate": 63.0,
            "avg_reward_atk": 39.9788,
            "avg_length": 42.56
        },
        "D6": {
            "win_rate": 73.0,
            "avg_reward_atk": 44.67280000000002,
            "avg_length": 40.86
        },
        "D7": {
            "win_rate": 69.0,
            "avg_reward_atk": 42.17860000000002,
            "avg_length": 42.07
        }
    },
    "A3": {
        "D0": {
            "win_rate": 97.0,
            "avg_reward_atk": 60.64200000000002,
            "avg_length": 47.9
        },
        "D1": {
            "win_rate": 76.0,
            "avg_reward_atk": 41.728200000000015,
            "avg_length": 47.59
        },
        "D2": {
            "win_rate": 91.0,
            "avg_reward_atk": 59.476200000000034,
            "avg_length": 37.19
        },
        "D3": {
            "win_rate": 61.0,
            "avg_reward_atk": 43.685199999999995,
            "avg_length": 42.74
        },
        "D4": {
            "win_rate": 72.0,
            "avg_reward_atk": 38.438400000000016,
            "avg_length": 44.58
        },
        "D5": {
            "win_rate": 82.0,
            "avg_reward_atk": 41.82840000000001,
            "avg_length": 39.58
        },
        "D6": {
            "win_rate": 89.0,
            "avg_reward_atk": 44.703599999999994,
            "avg_length": 33.82
        },
        "D7": {
            "win_rate": 72.0,
            "avg_reward_atk": 45.42939999999999,
            "avg_length": 41.03
        }
    },
    "A4": {
        "D0": {
            "win_rate": 91.0,
            "avg_reward_atk": 61.66200000000001,
            "avg_length": 46.9
        },
        "D1": {
            "win_rate": 84.0,
            "avg_reward_atk": 48.01340000000002,
            "avg_length": 45.83
        },
        "D2": {
            "win_rate": 76.0,
            "avg_reward_atk": 52.354800000000026,
            "avg_length": 39.76
        },
        "D3": {
            "win_rate": 79.0,
            "avg_reward_atk": 55.89000000000001,
            "avg_length": 39.5
        },
        "D4": {
            "win_rate": 51.0,
            "avg_reward_atk": 30.912000000000017,
            "avg_length": 47.4
        },
        "D5": {
            "win_rate": 76.0,
            "avg_reward_atk": 39.720000000000006,
            "avg_length": 42.0
        },
        "D6": {
            "win_rate": 70.0,
            "avg_reward_atk": 37.48400000000001,
            "avg_length": 42.8
        },
        "D7": {
            "win_rate": 84.0,
            "avg_reward_atk": 51.91160000000003,
            "avg_length": 42.42
        }
    },
    "A5": {
        "D0": {
            "win_rate": 100.0,
            "avg_reward_atk": 54.77520000000001,
            "avg_length": 39.74
        },
        "D1": {
            "win_rate": 92.0,
            "avg_reward_atk": 41.624000000000024,
            "avg_length": 40.8
        },
        "D2": {
            "win_rate": 91.0,
            "avg_reward_atk": 51.31900000000002,
            "avg_length": 37.05
        },
        "D3": {
            "win_rate": 83.0,
            "avg_reward_atk": 57.91080000000001,
            "avg_length": 40.96
        },
        "D4": {
            "win_rate": 78.0,
            "avg_reward_atk": 38.16920000000002,
            "avg_length": 42.04
        },
        "D5": {
            "win_rate": 71.0,
            "avg_reward_atk": 47.930200000000006,
            "avg_length": 41.99
        },
        "D6": {
            "win_rate": 75.0,
            "avg_reward_atk": 43.161800000000014,
            "avg_length": 39.91
        },
        "D7": {
            "win_rate": 88.0,
            "avg_reward_atk": 50.69520000000001,
            "avg_length": 39.74
        }
    },
    "A6": {
        "D0": {
            "win_rate": 72.0,
            "avg_reward_atk": 41.45180000000001,
            "avg_length": 43.91
        },
        "D1": {
            "win_rate": 98.0,
            "avg_reward_atk": 44.31760000000001,
            "avg_length": 42.12
        },
        "D2": {
            "win_rate": 71.0,
            "avg_reward_atk": 36.34100000000002,
            "avg_length": 39.45
        },
        "D3": {
            "win_rate": 98.0,
            "avg_reward_atk": 44.96900000000001,
            "avg_length": 7.05
        },
        "D4": {
            "win_rate": 86.0,
            "avg_reward_atk": 41.352,
            "avg_length": 26.4
        },
        "D5": {
            "win_rate": 89.0,
            "avg_reward_atk": 40.8394,
            "avg_length": 20.53
        },
        "D6": {
            "win_rate": 97.0,
            "avg_reward_atk": 44.002399999999994,
            "avg_length": 12.88
        },
        "D7": {
            "win_rate": 73.0,
            "avg_reward_atk": 38.247600000000006,
            "avg_length": 28.12
        }
    },
    "A7": {
        "D0": {
            "win_rate": 100.0,
            "avg_reward_atk": 46.455400000000026,
            "avg_length": 10.73
        },